{
	"name": "Java",
	"image": "shared-microsoft-mcr.artifactory.int.bell.ca/devcontainers/java:1-17-bookworm",
	"remoteEnv": {
		"ARTIFACTORY_USERNAME": "${localEnv:ARTIFACTORY_USERNAME}",
		"ARTIFACTORY_USER_TOKEN": "${localEnv:ARTIFACTORY_USER_TOKEN}"
	},
	"features": {
        "shared-ghcr-docker-remote.artifactory.int.bell.ca/devcontainers/features/java:1": {
			"version": "none",
			"installGradle": false,
			"installMaven": true	
		},
		"shared-ghcr-docker-remote.artifactory.int.bell.ca/dhoeric/features/google-cloud-cli:1": {},
		"shared-ghcr-docker-remote.artifactory.int.bell.ca/joshuanianji/devcontainer-features/gcloud-cli-persistence:1": {},
		"shared-ghcr-docker-remote.artifactory.int.bell.ca/devcontainers-contrib/features/pre-commit:2": {
			"version": "latest"
		},
		"shared-ghcr-docker-remote.artifactory.int.bell.ca/devcontainers/features/terraform:1": {
			"installTFsec": true,
			"installTerraformDocs": true,
			"version": "latest",
			"tflint": "latest",
			"terragrunt": "latest"
		},
		"shared-ghcr-docker-remote.artifactory.int.bell.ca/devcontainers/features/docker-outside-of-docker:1": {},
		"shared-ghcr-docker-remote.artifactory.int.bell.ca/msclock/features/gitlab-ci-local:0": {
			"version": "latest"
		},
		"shared-ghcr-docker-remote.artifactory.int.bell.ca/lukewiwa/features/shellcheck:0": {},
		"shared-ghcr-docker-remote.artifactory.int.bell.ca/devcontainers/features/python:1": {
			"installTools": true,
			"toolsToInstall": "black,mypy,pydocstyle,pycodestyle,bandit,virtualenv,pytest,pylint,ufmt,poetry"
		}
	},
	// Extra provisioning not handled by features
	"postCreateCommand": ["sudo", "bash", "-xe", "${containerWorkspaceFolder}/.devcontainer/provision.sh"]
}
