{
    "defaultEnvironment": {},
    "image": "TO BE REPLACED BY CI PIPELINE",
    "sdkInfo": {
        "language": "JAVA"
    },
    "metadata": {
        "name": "Streaming Kafka To Cloud Storage",
        "description": "A Dataflow [Apache Beam] streaming pipeline that reads from Kafka Confluent Avro and writes to Cloud Storage using multiple topics.",
        "parameters": [
            {
                "name": "inputTopic",
                "label": "Kafka topics with comma separator as string to pull results from",
                "helpText": "Kafka topics to pull results from. Example: test_topic,test_topic1",
                "isOptional": false,
                "regexes": [
                    "[,a-zA-Z0-9._-]+"
                ],
                "paramType": "TEXT"
            },
            {
                "name": "kafkaGroup",
                "isOptional": false,
                "label": "kafkaGroup",
                "helpText": "Kafka common group id of all the input topics list with a valid ACL prefix. i.e all the topics must share the same group id.",
                "regexes": [],
                "paramType": "TEXT"
            },
            {
                "name": "autoOffsetReset",
                "isOptional": false,
                "label": "autoOffsetReset",
                "helpText": "A parameter that specifies the default behavior when there are no committed offsets, ex: earliest, latest. earliest, is always going to consume from offset 0.",
                "regexes": [],
                "paramType": "TEXT"
            },
            {
                "name": "bootstrapServers",
                "label": "Kafka Bootstrap Server list",
                "helpText": "Kafka Bootstrap Server list, separated by commas. Example: localhost:9092,127.0.0.1:9093",
                "isOptional": false,
                "regexes": [
                    "[,:a-zA-Z0-9._-]+"
                ],
                "paramType": "TEXT"
            },
            {
                "name": "projectIdForSecret",
                "label": "Project name of your Secret Manager to fetch Kafka config details",
                "helpText": "Project name of your Secret Manager to fetch Kafka config details. Example: project_id",
                "isOptional": false,
                "regexes": [
                    "[a-zA-Z0-9_-]+"
                ],
                "paramType": "TEXT"
            },
            {
                "name": "projectIdForTruststore",
                "label": "Project name of your GCS Truststore file",
                "helpText": "Project name of your GCS Truststore file. Example: project_id",
                "isOptional": false,
                "regexes": [
                    "[a-zA-Z0-9_-]+"
                ],
                "paramType": "TEXT"
            },
            {
                "name": "principal",
                "label": "Kerberos username, used to get active ticket.",
                "helpText": "Kerberos username, used to get active ticket. Example: fidappnpdaaccenture@BELL.CORP.BCE.CA",
                "isOptional": true,
                "regexes": [
                    "([a-zA-Z0-9\\-\\@]+[a-zA-Z0-9]\\.[^\\ ]{2,})"
                ],
                "paramType": "TEXT"
            },
            {
                "name": "securityProtocol",
                "label": "Security Protocol used by Kafka",
                "helpText": "Security Protocol used by Kafka. Example: SECURITY_PROTOCOL",
                "isOptional": false,
                "regexes": [
                    "[a-zA-Z0-9_-]+"
                ],
                "paramType": "TEXT"
            },
            {
                "name": "certificateStoreBucket",
                "isOptional": false,
                "label": "certificateStoreBucket",
                "helpText": "Truststore file location or bucket where the truststore.jks file stored",
                "paramType": "TEXT"
            },
            {
                "name": "keytabNameSecretId",
                "label": "Secret id of keytab configuration in Secret Manager",
                "helpText": "Secret id of keytab configuration in Secret Manager. Example: keytab_id",
                "isOptional": true,
                "regexes": [
                    "([a-zA-Z0-9_-])+"
                ],
                "paramType": "TEXT"
            },
            {
                "name": "keytabNameSecretVersion",
                "label": "Secret version of keytab configuration in Secret Manager",
                "helpText": "Secret version of keytab configuration in Secret Manager. Example: latest",
                "isOptional": true,
                "regexes": [
                    "([a-zA-Z0-9_-])+"
                ],
                "paramType": "TEXT"
            },
            {
                "name": "krb5ConfNameSecretId",
                "label": "Secret id of krb5 configuration in Secret Manager",
                "helpText": "Secret id of krb5 configuration in Secret Manager. Example: krb5_id",
                "isOptional": true,
                "regexes": [
                    "([a-zA-Z0-9_-])+"
                ],
                "paramType": "TEXT"
            },
            {
                "name": "krb5ConfNameSecretVersion",
                "label": "Secret version of krb5 configuration in Secret Manager",
                "helpText": "Secret version of krb5 configuration in Secret Manager. Example: latest",
                "isOptional": true,
                "regexes": [
                    "([a-zA-Z0-9_-])+"
                ],
                "paramType": "TEXT"
            },
            {
                "name": "trustStorePasswordSecretId",
                "label": "Secret id of TrustStore Password in Secret Manager",
                "helpText": "Secret id of TrustStore Password in Secret Manager. Example: truststore_pwd_id",
                "isOptional": false,
                "regexes": [
                    "[a-zA-Z0-9_-]+"
                ],
                "paramType": "TEXT"
            },
            {
                "name": "trustStorePasswordSecretVersion",
                "label": "Secret version of TrustStore Password in Secret Manager",
                "helpText": "Secret version of TrustStore Password in Secret Manager. Example: latest",
                "isOptional": false,
                "regexes": [
                    "[a-zA-Z0-9_-]+"
                ],
                "paramType": "TEXT"
            },
            {
                "name": "trustStoreNameInGcs",
                "label": "TrustStore Name file name in GCS",
                "helpText": "TrustStore Name file name in GCS. Example: test.jks",
                "isOptional": false,
                "regexes": [
                    "([a-zA-Z0-9_-])+(.jks)"
                ],
                "paramType": "TEXT"
            },
            {
                "name": "schemaRegistryUrl",
                "label": "SchemaRegistry Url",
                "helpText": "SchemaRegistry Url used to fetch AVRO schemas from registry.",
                "isOptional": false,
                "paramType": "TEXT"
            },
            {
                "name": "schemaRegistryUser",
                "label": "schemaRegistry User",
                "helpText": "SchemaRegistry User used to fetch AVRO schemas from registry.",
                "isOptional": false,
                "paramType": "TEXT"
            },
            {
                "name": "schemaRegistryPasswordSecretId",
                "label": "SchemaRegistry Password Secret Id",
                "helpText": "SchemaRegistry Password Secret Id used to fetch schemaRegistryUser password from Secret Manager.",
                "isOptional": false,
                "paramType": "TEXT"
            },
            {
                "name": "schemaRegistryPasswordSecretVersion",
                "label": "Secret version of TrustStore Password in Secret Manager",
                "helpText": "SchemaRegistry Password Secret Id version used to fetch schemaRegistryUser password from Secret Manager. Example: latest",
                "isOptional": false,
                "paramType": "TEXT"
            },
            {
                "name": "outputPath",
                "isOptional": false,
                "label": "outputPath",
                "helpText": "Target GCS bucket name or path where the output data has to store",
                "regexes": [
                    "^gs:\\/\\/.*$"
                ],
                "paramType": "TEXT"
            },
            {
                "name": "outputFileExtension",
                "isOptional": false,
                "label": "outputFileExtension",
                "helpText": "File extension of a target files like: avro, json",
                "regexes": [],
                "paramType": "TEXT"
            },
            {
                "name": "authorizationType",
                "label": "Authorization type to connect to Kafka cluster, supported types: kerberos, mtls.",
                "helpText": "Authorization type to connect to Kafka cluster, supported types: kerberos, mtls.",
                "isOptional": false,
                "paramType": "TEXT"
            },
            {
                "name": "keystoreSecretId",
                "label": "Keystore certificate secret id used to fetch keystore content from Secret Manager. Required only for mTLS based auth.",
                "helpText": "Keystore certificate secret id used to fetch keystore content from Secret Manager. Required only for mTLS based auth.",
                "isOptional": true,
                "paramType": "TEXT"
            },
            {
                "name": "keystoreSecretVersion",
                "label": "Keystore certificate secret id version used to fetch keystore content from Secret Manager. Required only for mTLS based auth.",
                "helpText": "Keystore certificate secret id version used to fetch keystore content from Secret Manager. Required only for mTLS based auth.",
                "isOptional": true,
                "paramType": "TEXT"
            },
            {
                "name": "keystorePasswordSecretId",
                "label": "Keystore certificate password secret id used to fetch keystore file password from Secret Manager. Required only for mTLS based auth.",
                "helpText": "Keystore certificate password secret id used to fetch keystore file password from Secret Manager. Required only for mTLS based auth.",
                "isOptional": true,
                "paramType": "TEXT"
            },
            {
                "name": "keystorePasswordSecretVersion",
                "label": "Keystore password secret id version used to fetch keystore password from Secret Manager. Required only for mTLS based auth.",
                "helpText": "Keystore password secret id version used to fetch keystore password from Secret Manager. Required only for mTLS based auth.",
                "isOptional": true,
                "paramType": "TEXT"
            }
        ]
    }
}