{
    "defaultEnvironment": {},
    "image": "TO BE REPLACED BY CI PIPELINE",
    "sdkInfo": {
        "language": "JAVA"
    },
    "metadata": {
        "name": "Streaming Kafka To Cloud Storage",
        "description": "An apache Beam streaming pipeline that reads from Kafka and writes to GCS.",
        "parameters": [
            {
                "name": "inputTopic",
                "label": "Kafka topic to pull results from",
                "helpText": "Kafka topic to pull results from. Example: test_topic",
                "isOptional": false,
                "regexes": [
                    "[,a-zA-Z0-9._-]+"
                ],
                "paramType": "TEXT"
            },
            {
                "name": "kafkaGroup",
                "isOptional": false,
                "label": "kafkaGroup",
                "helpText": "Kafka common group id input topics list",
                "regexes": [],
                "paramType": "TEXT"
            },
            {
                "name": "windowSize",
                "isOptional": false,
                "label": "windowSize",
                "helpText": "Fixed window in minutes to process the data example: 5",
                "regexes": [
                    "[0-9]+"
                ],
                "paramType": "TEXT"
            },
            {
                "name": "outputPath",
                "isOptional": false,
                "label": "outputPath",
                "helpText": "Target GCS bucket name or path where the output data has to store",
                "regexes": [
                    "^gs:\\/\\/.*$"
                ],
                "paramType": "TEXT"
            },
            {
                "name": "outputFileExtension",
                "isOptional": false,
                "label": "outputFileExtension",
                "helpText": "File extension of a target files like: avro, json",
                "regexes": [],
                "paramType": "TEXT"
            },
            {
                "name": "autoOffsetReset",
                "isOptional": false,
                "label": "autoOffsetReset",
                "helpText": "A parameter that specifies the default behavior when there are no committed offsets, ex: earliest, latest. earliest, is always going to consume from offset 0.",
                "regexes": [],
                "paramType": "TEXT"
            },
            {
                "name": "bootstrapServers",
                "label": "Kafka Bootstrap Server list",
                "helpText": "Kafka Bootstrap Server list, separated by commas. Example: localhost:9092,127.0.0.1:9093",
                "isOptional": false,
                "regexes": [
                    "[,:a-zA-Z0-9._-]+"
                ],
                "paramType": "TEXT"
            },
            {
                "name": "projectIdForSecret",
                "label": "Project name of your GCS Kafka config files",
                "helpText": "Project name of your GCS Kafka config files. Example: project_id",
                "isOptional": true,
                "regexes": [
                    "[a-zA-Z0-9_-]+"
                ],
                "paramType": "TEXT"
            },
            {
                "name": "principal",
                "label": "TrustStore Name file name in GCS",
                "helpText": "TrustStore Name file name in GCS. Example: gcs_bucket_name",
                "isOptional": true,
                "regexes": [
                    "([a-zA-Z0-9\\-\\@]+[a-zA-Z0-9]\\.[^\\ ]{2,})"
                ],
                "paramType": "TEXT"
            },
            {
                "name": "securityProtocol",
                "label": "Security Protocol used by Kafka",
                "helpText": "Security Protocol used by Kafka. Example: SECURITY_PROTOCOL",
                "isOptional": false,
                "regexes": [
                    "[a-zA-Z0-9_-]+"
                ],
                "paramType": "TEXT"
            },
            {
                "name": "certificateStoreBucket",
                "isOptional": true,
                "label": "certificateStoreBucket",
                "helpText": "Truststore file location or bucket where the truststore.jks file stored",
                "paramType": "TEXT"
            },
            {
                "name": "keytabNameSecretId",
                "label": "Secret id of keytab configuration in Secret Manager",
                "helpText": "Secret id of keytab configuration in Secret Manager. Example: keytab_id",
                "isOptional": true,
                "regexes": [
                    "([a-zA-Z0-9_-])+"
                ],
                "paramType": "TEXT"
            },
            {
                "name": "keytabNameSecretVersion",
                "label": "Secret version of keytab configuration in Secret Manager",
                "helpText": "Secret version of keytab configuration in Secret Manager. Example: latest",
                "isOptional": true,
                "regexes": [
                    "([a-zA-Z0-9_-])+"
                ],
                "paramType": "TEXT"
            },
            {
                "name": "krb5ConfNameSecretId",
                "label": "Secret id of krb5 configuration in Secret Manager",
                "helpText": "Secret id of krb5 configuration in Secret Manager. Example: krb5_id",
                "isOptional": true,
                "regexes": [
                    "([a-zA-Z0-9_-])+"
                ],
                "paramType": "TEXT"
            },
            {
                "name": "krb5ConfNameSecretVersion",
                "label": "Secret version of krb5 configuration in Secret Manager",
                "helpText": "Secret version of krb5 configuration in Secret Manager. Example: latest",
                "isOptional": true,
                "regexes": [
                    "([a-zA-Z0-9_-])+"
                ],
                "paramType": "TEXT"
            },
            {
                "name": "trustStorePasswordSecretId",
                "label": "Secret id of TrustStore Password in Secret Manager",
                "helpText": "Secret id of TrustStore Password in Secret Manager. Example: truststore_pwd_id",
                "isOptional": true,
                "regexes": [
                    "[a-zA-Z0-9_-]+"
                ],
                "paramType": "TEXT"
            },
            {
                "name": "trustStorePasswordSecretVersion",
                "label": "Secret version of TrustStore Password in Secret Manager",
                "helpText": "Secret version of TrustStore Password in Secret Manager. Example: latest",
                "isOptional": true,
                "regexes": [
                    "[a-zA-Z0-9_-]+"
                ],
                "paramType": "TEXT"
            },
            {
                "name": "trustStoreNameInGcs",
                "label": "TrustStore Name file name in GCS",
                "helpText": "TrustStore Name file name in GCS. Example: test.jks",
                "isOptional": true,
                "regexes": [
                    "([a-zA-Z0-9_-])+(.jks)"
                ],
                "paramType": "TEXT"
            },
            {
                "name": "authorizationType",
                "label": "Authorization type to connect to Kafka cluster, supported types: kerberos, mtls.",
                "helpText": "Authorization type to connect to Kafka cluster, supported types: kerberos, mtls.",
                "isOptional": false,
                "paramType": "TEXT"
            },
            {
                "name": "keystoreSecretId",
                "label": "Keystore certificate secret id used to fetch keystore content from Secret Manager. Required only for mTLS based auth.",
                "helpText": "Keystore certificate secret id used to fetch keystore content from Secret Manager. Required only for mTLS based auth.",
                "isOptional": true,
                "paramType": "TEXT"
            },
            {
                "name": "keystoreSecretVersion",
                "label": "Keystore certificate secret id version used to fetch keystore content from Secret Manager. Required only for mTLS based auth.",
                "helpText": "Keystore certificate secret id version used to fetch keystore content from Secret Manager. Required only for mTLS based auth.",
                "isOptional": true,
                "paramType": "TEXT"
            },
            {
                "name": "keystorePasswordSecretId",
                "label": "Keystore certificate password secret id used to fetch keystore file password from Secret Manager. Required only for mTLS based auth.",
                "helpText": "Keystore certificate password secret id used to fetch keystore file password from Secret Manager. Required only for mTLS based auth.",
                "isOptional": true,
                "paramType": "TEXT"
            },
            {
                "name": "keystorePasswordSecretVersion",
                "label": "Keystore password secret id version used to fetch keystore password from Secret Manager. Required only for mTLS based auth.",
                "helpText": "Keystore password secret id version used to fetch keystore password from Secret Manager. Required only for mTLS based auth.",
                "isOptional": true,
                "paramType": "TEXT"
            }
        ]
    }
}